{"cameraMode":{"drawMode":0,"name":"Shaded","section":"Shading Mode"},"sceneLighting":false,"audioPlay":false,"sceneViewState":{"showFog":true,"showMaterialUpdate":false,"showSkybox":false,"showFlares":true,"showImageEffects":true,"showParticleSystems":true},"in2DMode":false,"pivot":{"x":0.0,"y":0.1929980218410492,"z":0.16128665208816529},"rotation":{"x":-0.10025332868099213,"y":0.2913377285003662,"z":-0.03059946931898594,"w":-0.9509571194648743},"size":2.1209042072296144,"orthographic":false}