{"cameraMode":{"drawMode":0,"name":"Shaded","section":"Shading Mode"},"sceneLighting":true,"audioPlay":false,"sceneViewState":{"showFog":true,"showMaterialUpdate":false,"showSkybox":false,"showFlares":true,"showImageEffects":true,"showParticleSystems":true},"in2DMode":false,"pivot":{"x":0.10500049591064453,"y":13.610000610351563,"z":0.06418704986572266},"rotation":{"x":-0.042754754424095157,"y":-0.9530148506164551,"z":0.2530342936515808,"w":-0.1615421622991562},"size":36.93339538574219,"orthographic":false}